Epoch,Time (seconds)
1000,17.124017238616943
2000,33.70532536506653
3000,49.81205892562866
