Epoch,Time (seconds)
1000,11.338549137115479
2000,22.036232709884644
